{"features": ["a_fights_before", "a_wins_before", "a_win_rate", "b_fights_before", "b_wins_before", "b_win_rate", "a_days_since_last", "b_days_since_last", "a_age", "b_age", "diff_fights_before", "diff_wins_before", "diff_win_rate", "diff_age", "diff_reach", "diff_days_since_last"], "coef": [-0.10258412373392463, 0.14051328515040334, 0.08531222279966588, 0.21073110488785707, -0.23575063723115697, -0.0034927353084637535, -0.04675811173970281, 0.056859820546973014, -0.11619007091822052, 0.09501184670610839, -0.28195050837843605, 0.3616849833228302, 0.0790325967053088, -0.1664206679130668, 0.08516926415308747, -0.08574205976417688], "intercept": -0.040586360107333075, "mean": [5.2379310344827585, 3.300574712643678, 0.49819395064244604, 5.179166666666666, 3.285344827586207, 0.5015506244638325, 1870.526724137931, 1835.203591954023, 30.219827586206897, 30.06637931034483, 0.058764367816091956, 0.015229885057471264, -0.0033566738213863852, 0.15344827586206897, 0.04109195402298851, 35.323132183908044], "scale": [5.639530863738566, 3.7614040715197836, 0.34850849263709793, 5.534162179561915, 3.73449486444796, 0.3466153065729811, 3674.3285004434315, 3641.5154834838495, 4.134861319463209, 4.1136046495069865, 6.188130153370418, 3.8954804646668597, 0.3915178164590807, 5.235353368303116, 3.2628668310339752, 4418.608329961237], "classes": [0, 1], "accuracy": 0.5974, "baseline": 0.5146, "n_fighters": 2695, "n_fights": 8701, "reach_median": 72.0}